{"weight": 8.219234466552734, "bias": 881.392578125}